事件;热度值
高考作文 给阿嬷的情书; 1713434
浪七暂停浪三强势回归;综艺 1131363
平壤各界群众和少年儿童身着节日盛装; 1103523
张月的情商; 1022226
字字不提醋字字都是醋; 946010
跑男团全员包场白鹿莫离;综艺 884900
编造地震车企等谣言多人被罚; 
为什么面试要填家庭成员信息; 833919
高考英语; 833754
郑钦文vs克里斯蒂安; 833281
新能源小车卖不动了; 833148
张月方停止浪姐选歌;综艺 832592
前同事离职忘记删聊天记录; 832174
金饰克价跌400元却没人买了; 831922
美股; 831807
王鹤棣包场白鹿莫离;剧集 716818
曝浪姐节目组劝李小冉换歌;综艺 565358
DeepSeek完成首轮外部融资; 540810
曾沛慈想要曾沛慈得到; 519977
浪姐选歌结果;综艺 505584
史上最贵的吻; 458123
千万别和年纪大的导师开玩笑; 458078
杨丽萍42岁依然这么美; 458015
李小冉 我不配;综艺 427658
人一旦有了电动车就定型了; 415848
黄灿灿说曾沛慈的好有目共睹; 403076
农村自建房的真实成本; 356245
Jennie这个舞台疯子;演出 285440
内娱流量时代迎来了真正的洗牌; 252726
朝鲜欢迎最尊重的贵宾; 251770
长子病逝近6旬大爷陪幼子高考; 251710
张慧雯凌晨五点多收到姐姐们的安慰信息;综艺 251690
奔跑吧;综艺 245249
养了蝾螈才知道自己有多歹毒; 237946
南昌一辆小米SU7起火; 236500
特努斯时代苹果往哪走; 234903
孙红雷在埃菲尔铁塔下很想龚俊;综艺 234803
黄灿灿说33位姐姐都很好;综艺 213857
男子伪装店员带走醉酒女子后性侵; 211959
存子生图眼睛比精修大; 210721
陕西致62人死亡失踪高速桥梁垮塌细节; 189295
韩国爱豆看了一整晚贺峻霖粉丝直播; 188781
歌手2026全员回应排名;综艺 177553
窦骁打假罗伯特;剧集 173550
A股巨震的原因找到了; 164198
AL无缘MSI; 163139
bin秀肌肉; 160769
AL被做局了; 160055
华为超空间内存技术; 157629
黄仁勋建议趁便宜买入半导体; 156831
女刑警向15人赊购700万烟茶酒诈骗; 153727
